{
    "name": "Default",
    "version": "1.2.2",
    "groups": [{
        "id": "main",
        "label": "<i class='fa fa-code'></i>Shortcodes",
        "position": 2
    }, {
        "id": "text",
        "label": "<i class='fa fa-text-width'></i>Text",
        "position": 3
    }, {
        "id": "video",
        "label": "<i class='fa fa-play'></i>Video",
        "position": 9
    }, {
        "id": "callToAction",
        "label": "<i class='fa fa-code'></i>Call to action",
        "position": 7
    }, {
        "id": "map",
        "label": "<i class='fa fa-map-o'></i>Map",
        "position": 8
    }, {
        "id": "progressBar",
        "label": "<i class='fa fa-bars'></i>Progress bars",
        "position": 6
    }, {
        "id": "gallery",
        "label": "<i class='fa fa-picture-o'></i>Gallery",
        "position": 5
    }, {
        "id": "iconBox",
        "label": "<i class='fa fa-th'></i>Icon boxes",
        "position": 1
    }, {
        "id": "testimonial",
        "label": "<i class='fa fa-quote-left'></i>Testimonials",
        "position": 4
    }],
    "blocks": [{
        "name": "sktbuilder_call_to_action",
        "url": "sktbuilder_call_to_action/"
    }, {
        "name": "sktbuilder_pricing_table",
        "url": "sktbuilder_pricing_table/"
    }, {
        "name": "sktbuilder_columns",
        "url": "sktbuilder_columns/"
    }, {
        "name": "sktbuilder_shortcode",
        "url": "sktbuilder_shortcode/"
    }, {
        "name": "sktbuilder_spacer",
        "url": "sktbuilder_spacer/"
    }, {
        "name": "sktbuilder_accordion",
        "url": "sktbuilder_accordion/"
    }, {
        "name": "sktbuilder_logo_carousel",
        "url": "sktbuilder_logo_carousel/"
    }, {
        "name": "sktbuilder_image_slider",
        "url": "sktbuilder_image_slider/"
    }, {
        "name": "sktbuilder_testimonial_carousel",
        "url": "sktbuilder_testimonial_carousel/"
    }, {
        "name": "sktbuilder_image_text",
        "url": "sktbuilder_image_text/"
    }, {
        "name": "sktbuilder_tabs",
        "url": "sktbuilder_tabs/"
    }, {
        "name": "sktbuilder_main",
        "url": "sktbuilder_main/"
    }, {
        "name": "sktbuilder_main_nobtn",
        "url": "sktbuilder_main_nobtn/"
    }, {
        "name": "sktbuilder_text",
        "url": "sktbuilder_text/"
    }, {
        "name": "sktbuilder_text_bg",
        "url": "sktbuilder_text_bg/"
    }, {
        "name": "sktbuilder_testimonial_grid",
        "url": "sktbuilder_testimonial_grid/"
    }, {
        "name": "sktbuilder_map",
        "url": "sktbuilder_map/"
    }, {
        "name": "sktbuilder_gallery",
        "url": "sktbuilder_gallery/"
    }, {
        "name": "sktbuilder_progressbar",
        "url": "sktbuilder_progressbar/"
    }, {
        "name": "sktbuilder_progressbar_v2",
        "url": "sktbuilder_progressbar_v2/"
    }, {
        "name": "sktbuilder_video",
        "url": "sktbuilder_video/"
    }, {
        "name": "sktbuilder_video_v2",
        "url": "sktbuilder_video_v2/"
    }, {
        "name": "sktbuilder_menu",
        "url": "sktbuilder_menu/"
    }, {
        "name": "sktbuilder_content_blocks",
        "url": "sktbuilder_content_blocks/"
    }, {
        "name": "sktbuilder_content_timeline",
        "url": "sktbuilder_content_timeline/"
    }, {
        "name": "sktbuilder_flipboxes",
        "url": "sktbuilder_flipboxes/"
    }, {
        "name": "sktbuilder_cards",
        "url": "sktbuilder_cards/"
    }, {
        "name": "sktbuilder_feature",
        "url": "sktbuilder_feature/"
    }, {
        "name": "sktbuilder_iconbox",
        "url": "sktbuilder_iconbox/"
    }, {
        "name": "sktbuilder_cards_v2",
        "url": "sktbuilder_cards_v2/"
    }, {
        "name": "sktbuilder_feature_horizontal_bg",
        "url": "sktbuilder_feature_horizontal_bg/"
    }, {
        "name": "sktbuilder_feature_list",
        "url": "sktbuilder_feature_list/"
    }, {
        "name": "sktbuilder_feature_two_row",
        "url": "sktbuilder_feature_two_row/"
    }, {
        "name": "assets",
        "url": "media/"
    }, {
        "name": "glyphicons",
        "url": "glyphicons/"
    }, {
        "name": "fontawesome",
        "url": "fontawesome/"
    }],
    "res": [ {
        "type": "js",
        "name": "owlcarousel-js",
        "src": "owlcarousel/owl.carousel.js"
    }]
}
