{"block-default-templates":"<% if (templates.length == 0){ %><div class=\"block-blank <% if (templates.length == 0) { %>full-page<% } %>\"><div class=\"block-blank-inner\"><div class=\"block-blank-inner-wrap\"><div class=\"block-blank-inner-image\"></div><div class=\"block-blank-inner-text\"><div class=\"blank-text\"><%= text_default_blank %></div></div></div></div></div><% } %><% if (templates.length > 0) { %><div class=\"title-block\"><%= block_default_templates_text %></div><div class=\"templates clearfix\"><% for (var k = 0; k < templates.length; k++) { %><div class=\"template\" data-id=\"<%= templates[k].id %>\"><div class=\"image-bg\" <% if (templates[k].image) { %> style=\"background-image: url(<%= templates[k].image %>);\" <% } %>><% if (!templates[k].image) { %><span class=\"template-no-image\"><%= template %></span><% } %></div><% if (templates[k].title) { %><div class=\"title\"><%= templates[k].title %></div><% } %><% if ( ! templates[k].external ) { %><a class=\"remove\" data-id=\"<%= templates[k].id %>\" href=\"#\"><i class=\"fa fa-times\"></i></a><% } %></div><% } %></div><% } %>","block-droppable-preview":"<div id=\"droppable-<%= blockId %>\" class=\"droppable-zone ui-droppable\"><div class=\"dropp-block\"><i class=\"fa fa-plus plus\"></i><span><%= text %></span></div></div>","block-import-export-preview":"<div class=\"modal-content\"><i class=\"fa fa-times close\" aria-hidden=\"true\" title=\"<%= close %>\"></i><div class=\"modal-header\"><h4 class=\"modal-title\" id=\"<%= page_data_text %>\"><%= page_data_text %></h4><i class=\"fa fa-times close\" aria-hidden=\"true\" title=\"<%= close %>\"></i></div><div class=\"modal-body\"><textarea class=\"form-control sktbuilder-import-export-textarea\"><%= page_data %></textarea></div><div class=\"modal-footer\"><button class=\"btn btn-cancel close\"><%= cancel %></button><button class=\"btn btn-save-changes save-changes\"><%= save_changes %></button></div></div>","block-overlay-preview":"<div class=\"sktbuilder-overlay\"></div>","block-pleasewait-preview":"<div class=\"wait-block\"><div class=\"clock\"><div class=\"minutes-container\"><div class=\"minutes\"></div></div><div class=\"seconds-container\"><div class=\"seconds\"></div></div></div><span><%= text %></span></div>","sktbuilder-menu-preview":"<div class=\"sktbuilder-menu-forward-side\"></div><div class=\"sktbuilder-menu-main-side\"></div><div class=\"sktbuilder-menu-backward-side\"></div><div class=\"sktbuilder-menu-right-side\"></div>","sktbuilder-toolbar-preview":"<div class=\"sktbuilder-dropdown pages-dropdown\"><div class=\"sktbuilder-heading-logo\">SKT Page Builder</div><div class=\"sktbuilder-dropdown-toggle\"><% if (subDomain != null) { %><div class=\"pages-dropdown__domain\"><%= subDomain %></div><% } %><div class=\"pages-dropdown__page\"><%= page %></div></div><ul class=\"sktbuilder-dropdown-content pages-dropdown__list\"><li class=\"pages-dropdown__backward\"><div class=\"pages-dropdown__backward-button\"><div class=\"pages-dropdown__backward-button-text\"><%= locale_pages %></div></div></li><% if (pages) { %><% _.each( pages, function( page ) { %><li class=\"pages-dropdown__list-item\"><a class=\"pages-dropdown__list-item-link\" href=\"<%= page.url %>\"><%= page.title %></a></li><% }); %><% } %></ul></div><div class=\"control-buttons clearfix\"><button class=\"control-buttons__button control-buttons__button-save\" title=\"<%= save %>\"><span class=\"save-clock\"><span class=\"minutes-container\"><span class=\"minutes\"></span></span><span class=\"seconds-container\"><span class=\"seconds\"></span></span></span><strong><%= save %></strong></button><button class=\"control-buttons__button control-buttons__button-preview<% if (device == 'mobile') { %> control-buttons__button-preview-disabled<% } %>\" title=\"<%= preview %>\"><strong><%= preview %></strong></button><div class=\"control-buttons__button control-buttons__button-preview-list\"><% if (device == \"mobile\" || device == \"tablet\") { %><button class=\"control-buttons__button control-buttons__button-preview-modes control-buttons__button-preview-modes-disabled\" title=\"<%= devices %>\"></button><% } else { %><select class=\"sktbuilder-select-item\"><option value=\"pc\" data-icon=\"fa fa-desktop\"><%= desktop %></option><option value=\"tablet\" data-icon=\"fa fa-tablet\"><%= tablet %></option><option value=\"phone\" data-icon=\"fa fa-mobile\"><%= phone %></option></select><% } %><strong><%= devices %></strong></div><div class=\"sktbuilder-dropdown sktbuilder-dropdown-more control-buttons-dropdown\"><button class=\"sktbuilder-dropdown-toggle\" type=\"button\"><div class=\"dot\"><span></span><span></span><span></span><strong>Menu</strong></div></button><ul class=\"sktbuilder-dropdown-content\"><li><div class=\"autosave clearfix\"><div class=\"autosave-item-name\"><%= autosave %></div><label class=\"autosave-item-switch\"><input type=\"checkbox\" class=\"autosave-checkbox\"><span class=\"slider\"></span></label></div></li><% if (customMenu) { %><% _.each( customMenu, function( item ) { %><li><a <% if (item.action != '') { %>data-id=\"<%= item.id %>\"<% } %> href=\"#<%= item.id %>\"><%= item.label %></a></li><% }); %><% } %></ul></div></div>","sktbuilder-viewport-preview":"<div id=\"droppable-default\" class=\"droppable-zone-full ui-droppable\"><div class=\"dropp-block\"><i class=\"fa fa-plus plus\"></i><span><%= text_droppable_zone %></span></div></div><iframe src=\"<%= url %>\" scrolling=\"auto\" name=\"sktbuilder-iframe\" id=\"sktbuilder-iframe\"></iframe>","field-accordion-item-expand-preview":"<h3 class=\"title-accordion inner-settings-expand\"><span class=\"draggable\"><span></span><span></span><span></span></span><% if (!hideAddDeleteBtn) { %><span class=\"field-accordion-item__delete\"><i class=\"fa fa-trash-o\"></i></span><% } %><% if( image != undefined ) {%><span class=\"preview-image\"><img src=\"<%= image %>\" /></span><% } %><span class=\"title-item <% if (hideAddDeleteBtn) { %>title-item__long<% } %>\"><%= title %></span><span class=\"arrow\"></span></h3><div class=\"settings-blocks\"></div>","field-accordion-item-flip-preview":"<h3 class=\"title-accordion inner-settings-flip\"><span class=\"draggable\"><span></span><span></span><span></span></span><% if( image != undefined ) {%><span class=\"preview-image\"><img src=\"<%= image %>\" /></span><% } %><span class=\"title-item\"><%= title %></span><span class=\"arrow\"></span></h3>","field-accordion-item-flip-view-preview":"<div class=\"backward-button\"><div class=\"backward-button__text\"><%= back %></div></div><% if (!hideAddDeleteBtn) { %><div class=\"settings-buttons\"><div class=\"settings-buttons__delete settings-buttons__delete-long\"><i class=\"fa fa-trash-o\"></i></div></div><% } %><div class=\"settings-blocks\"><div class=\"delete-button delete-item-accordion\"></div></div>","field-accordion-preview":"<div id=\"<%= uniqueId %>\" class=\"accordion <% if(settings.length == 1 && settings[0].type == 'image') {%> without-title <%}%>\"><label class=\"accordion-title field-label\"><%= label %></label></div><% if (!hideAddDeleteBtn) { %><div class=\"add-item\"><span><%= add_new_tab %></span></div><div id=\"drop-<%= uniqueId %>\" class=\"dropzone-remove\"><span><%= Delete %></span></div><% } %>","field-checkbox-preview":"<label><input class=\"input-checkbox\" name=\"<%= name %>\" type=\"checkbox\" <%= checked %>><span class=\"label-text\"><%= label %></span></label>","field-checkbox-switch-preview":"<div class=\"checkbox-label\"><%= label %></div><label class=\"checkbox-switch\"><input type=\"checkbox\" name=\"<%= name %>\" id=\"<%= uniqueId %>\" <%= checked %> ><span class=\"slider\"></span></label>","field-colorpicker-preview":"<% if (label){ %><div class=\"field-color-picker__title\"><%= label %></div><% } %><div class=\"field-color-picker__container\" style=\"background-color: <%= value %>;\"><input type=\"text\" class=\"field-color-picker__input\" name=\"<%= name %>\" value=\"<%= value %>\"></div><% if (colors){ %><div class=\"field-color-picker__colors-list\"><% _.each( colors, function( color , index){ %><% if (index !== 0 && index % 6 === 0 ) { %></div><div class=\"field-color-picker__colors-list\"><% } %><div class=\"field-color-picker__color theme-colors\" data-color=\"<%= color %>\" style=\"background-color: <%= color %>\"><span></span></div><% }); %></div><% } %>","field-datepicker-preview":"<% if (label){ %><div class=\"field-datepicker-label field-label\"><%= label %></div><% } %><input class=\"field-datepicker__input field-datepicker__input-<%= uniqueId %>\" type=\"text\" data-field=\"date\" data-format=\"<%= dateFormat %>\" name=\"<%= name %>\" value=\"<%= value %>\"><div id=\"field-datepicker__box-<%= uniqueId %>\"></div><script type=\"text/javascript\">jQuery(\"#field-datepicker__box-<%= uniqueId %>\").DateTimePicker({isPopup: false,inputElement: jQuery(\".field-datepicker__input-<%= uniqueId %>\"),showHeader: false,isInline: true,buttonsToDisplay: [\"\"],setValueInTextboxOnEveryClick: true,incrementButtonContent: \"<i class='fa fa-chevron-up' aria-hidden='true'></i>\",decrementButtonContent: \"<i class='fa fa-chevron-down' aria-hidden='true'></i>\"});</script>","field-icon-preview":"<label class=\"field-label\"><%= label %></label><div class=\"field-icon-container<% if (!icon.classes) { %> empty<% } %>\"><div class=\"field-icon__preview <% if(icons.length == 0) { %> no-other-icons <% } %>\"><div class=\"field-icon__preview-icon show-media-center\"><span data-icon-tags=\"<% if (icon) { %><%= icon.tags %><% } %>\" class=\"<%= icon.classes %>\"></span><% if (!hideDeleteButton || hideDeleteButton !== 1) { %><i class=\"field-icon__remove-icon fa fa-times\"></i><% } %></div><% if( hasLibrary > 0 ) { %><div class=\"field-icon__noicon show-media-center\"><i class=\"field-icon__noicon-icon fa fa-plus\"></i></div><% } else { %><div class=\"field-icon__noicon\"><div class=\"field-icon__noicon-icon\"><%= IconLibrariesNotFound %></div></div><% } %></div><% if (icons.length !== 0) { %><div class=\"other-icons\"><% for (var i = 0; i < icons.length; i++) { %><div class=\"other-icon\"><span data-icon-tags=\"<%= icons[i].tags %>\" class=\"<%= icons[i].classes %>\"></div><% } %></div><% } %></div><input type=\"hidden\" name=\"<%= name %>\" value=\"<% if (icon) { %><%= icon.classes %><% } %>\"><% if( hasLibrary > 0 ) { %><div class=\"media-center clearfix\"><button type=\"button\" class=\"show-media-center media-center__button\"><i class=\"media-center__button_image-icon fa fa-cube\"></i><%= icon_center %></button><div class=\"sktbuilder-dropdown media-center__button-more\"><button class=\"sktbuilder-dropdown-toggle\" type=\"button\"><div class=\"dot\"><span></span><span></span><span></span></div></button><ul class=\"sktbuilder-dropdown-content\"><li><a href=\"#\" class=\"reset\"><%= reset_to_default %></a></li></ul></div></div><% } %>","field-icon-setting-preview":"<div class=\"backward-button\"><div class=\"backward-button__text\"><%= back %></div></div><div class=\"settings-block-items\"><div class=\"inner-settings-control\"><button class=\"inner-settings-control__button inner-settings-control__button-search\"></button><button class=\"inner-settings-control__button inner-settings-control__button-link inner-settings-control__button-disabled\"></button><button class=\"inner-settings-control__button inner-settings-control__button-reset\"></button><button class=\"inner-settings-control__button inner-settings-control__button-remove <% if (hideDeleteButton || hideDeleteButton === 1) { %>inner-settings-control__button-disabled<% } %>\"></button><div class=\"inner-settings-control__search\"><div class=\"field-input-autocomplete\"><input class=\"field-input-autocomplete__text icon-search\" type=\"text\" value=\"\" placeholder=\"<%= search %>\"><button class=\"field-input-autocomplete__icon-search\"></button></div></div></div><div class=\"field-icon-container-inner<%if (!icon.classes) { %> empty<%}%>\"><div class=\"field-icon\"><div class=\"field-icon__selected-icon\"><span data-icon-tags=\"<%= icon.tags %>\" class=\"<%= icon.classes %>\"></span></div></div><div class=\"field-icon__noicon\"><i class=\"field-icon__noicon-icon fa fa-plus\"></i></div></div><div class=\"filtered-icons\"><div class=\"search-result-tags\"><div class=\"search-result\"><div class=\"search-result__count search-result__count_half-width\"><span class=\"search-result__shell-text\"><span class=\"search-result__text\"><%= text_results %>:</span><span class=\"search-result__digit\"></span></span><span class=\"no-search-result__text\"><%= no_search_result %></span></div><div class=\"search-result__tags search-result__tags_half-width\"><span class=\"search-result__text search-result__text_ellipsis\"><%= tags %></span><span class=\"search-result__remove-text\"></span></div></div></div><div class=\"search-result-all\"><div class=\"search-result\"><div class=\"search-result__count\"><span class=\"search-result__text\"><%= text_all_icons %>:</span><span class=\"search-result__digit\"></span></div></div></div><div class=\"inview-icons\"><div class=\"settings-media-loader\"><svg class=\"settings-media-loader__circular\" viewBox=\"25 25 50 50\"><circle class=\"settings-media-loader__path\" cx=\"50\" cy=\"50\" r=\"12\" fill=\"none\" stroke-width=\"2\" stroke-miterlimit=\"10\"/></svg></div></div></div></div>","field-image-preview":"<label class=\"field-label\"><%= label %></label><div class=\"field-image-container<% if (value === '') { %> empty <% } %>\"><div class=\"field-image__preview\"><img class=\"field-image__preview-image show-media-center\" src=\"<%= value %>\" /><% if (!hideDeleteButton || hideDeleteButton !== 1) { %><i class=\"field-image__remove-image fa fa-times\"></i><% } %></div><div class=\"field-image__noimage show-media-center\"><i class=\"field-image__noimage-icon fa fa-plus\"></i></div><div class=\"field-drop-zone\"><span class=\"field-drop-zone-text\"><%= drop_here %></span></div><div class=\"field-upload-error\"><div class=\"field-upload-error__text\"><span class=\"field-upload-error__text-bold\"><%= error %></span> <%= error_text %></div></div></div><input type=\"hidden\" class=\"field-image__url-hidden\" name=\"<%= name %>\" value=\"<%= value %>\"><% if(images) { %><div class=\"others\"><% for (var i = 0; i < images.length; i++) { %><div class=\"others__item\"><div class=\"others-item__image\" style=\"background-image: url('<%= images[i] %>');\"></div></div><%}%></div><% } %><div class=\"media-center clearfix\"><button type=\"button\" class=\"show-media-center media-center__button\"><i class=\"media-center__button_image-icon fa fa-file-image-o\"></i><%= media_center %></button><div class=\"sktbuilder-dropdown media-center__button-more\"><button class=\"sktbuilder-dropdown-toggle\" type=\"button\"><div class=\"dot\"><span></span><span></span><span></span></div></button><ul class=\"sktbuilder-dropdown-content\"><% _.each( customItems, function( item ){ %><li><a href=\"#\" data-id=\"<%- item.id %>\" class=\"action\"><%- item.label %></a></li><% }); %></ul></div></div>","field-image-setting-preview":"<div class=\"backward-button\"><div class=\"backward-button__text\"><%= back %></div></div><div class=\"settings-block-items\"><div class=\"inner-settings-control\"><button class=\"inner-settings-control__button inner-settings-control__button-search\"></button><button class=\"inner-settings-control__button inner-settings-control__button-link\"></button><button class=\"inner-settings-control__button inner-settings-control__button-reset\"></button><button class=\"inner-settings-control__button inner-settings-control__button-remove <% if (hideDeleteButton || hideDeleteButton === 1) { %>inner-settings-control__button-disabled<% } %>\"></button><div class=\"inner-settings-control__link\"><div class=\"field-text\"><input type=\"text\" class=\"field-text__input-link image-link\" value=\"<%= src %>\" placeholder=\"<%= url %>\"><button class=\"field-input-autocomplete__icon-link\"></button></div></div><div class=\"inner-settings-control__search\"><div class=\"field-input-autocomplete\"><input class=\"field-input-autocomplete__text img-search\" type=\"text\" value=\"\" placeholder=\"<%= search %>\"><button class=\"field-input-autocomplete__icon-search\"></button></div></div></div><div class=\"field-image-container-inner<%if (src === '') { %> empty<%}%>\"><div class=\"field-image\"><div class=\"field-image__selected-image\"><img src=\"<%= src %>\"></div></div></div><div class=\"filtered-images\"><div class=\"search-result-tags\"><div class=\"search-result\"><div class=\"search-result__count search-result__count_half-width\"><span class=\"search-result__shell-text\"><span class=\"search-result__text\"><%= text_results %>:</span><span class=\"search-result__digit\"></span></span><span class=\"no-search-result__text\"><%= no_search_result %></span></div><div class=\"search-result__tags search-result__tags_half-width\"><span class=\"search-result__text search-result__text_ellipsis\"><%= tags %></span><span class=\"search-result__remove-text\"></span></div></div></div><div class=\"search-result-all\"><div class=\"search-result\"><div class=\"search-result__count\"><span class=\"search-result__text\"><%= text_all_images %>:</span><span class=\"search-result__digit\"></span></div></div></div><div class=\"inview-images\"><div class=\"settings-media-loader\"><svg class=\"settings-media-loader__circular\" viewBox=\"25 25 50 50\"><circle class=\"settings-media-loader__path\" cx=\"50\" cy=\"50\" r=\"12\" fill=\"none\" stroke-width=\"2\" stroke-miterlimit=\"10\"/></svg></div></div></div></div>","field-radio-preview":"<div class=\"radio__container\"><% if (label){ %><span class=\"radio__title field-label\"><%= label %></span><% } %><ul class=\"radio__list\"><% _.each( options, function( option ){ %><li class=\"radio__item\"><input class=\"radio__input\" type=\"radio\" id=\"<%= option.id %>\" name=\"<%= name %>\" <% if ( current === option.id ){ %> checked <% } %> ><label class=\"radio__label\" for=\"<%= option.id %>\"><% if (option.val.length > 35) { %><%= option.val.substring(0, 35) %>...<% } else { %><%= option.val %><% } %></label><div class=\"radio__check\"></div></li><% }); %></ul></div>","field-select-preview":"<% if (label){ %><label class=\"field-label\"><%= label %></label><% } %><% if(visible_color === undefined || visible_color === false){ %><div class=\"select-container\"><select class=\"select\" name=\"<%= name %>\" data-width=\"100%\" data-dropup-auto=\"false\"><% _.each( options, function( option ){ %><option <% if ( current === option.id ){ %> selected <% } %> title=\"<%= option.val %>\" value='<%- option.id %>'><% if (option.val.length > 22) { %><%= option.val.substring(0, 19) %>...<% } else { %><%= option.val %><% } %></option><% }); %></select></div><% }else { %><div class=\"other-colors\"><% _.each( options, function( option ){ %><div id=\"<%-option.id %>\" class=\"other-color theme-colors <% if ( current === option.id ){ %>active<% } %>\"><span style=\"background: <%- option.colorimage %>\"></span></div><% }); %></div><input type=\"hidden\" name=\"<%= name %>\" value=\"\"><%}%>","field-slider-preview":"<% if (label){ %><div class=\"field-slider-label field-label\"><%= label %></div><% } %><div id=\"<%= sliderId %>\" class=\"sliders-size\"></div><input class=\"size\" name=\"<%= name %>\" type=\"text\" id=\"<%= sizeId %>\" value=\"<%= value %>\"><script type=\"text/javascript\">jQuery(\"#<%= sliderId %>\").slider({range: \"min\",value: <%= value %>,min: <%= min %>,max: <%= max %>,step: 1,slide: function(event, ui) {jQuery(\"#<%= sizeId %>\").val(ui.value);jQuery(\"#<%= sizeId %>\").trigger(\"change\");}});</script>","field-text-autocomplete-preview":"<script type=\"text/javascript\">jQuery(\"#<%= uniqueId %>\").autocomplete({open: function() {jQuery(\"ul.ui-menu\").width( jQuery(this).innerWidth() );},source: function(request, callback) {var searchParam = request.term;init(searchParam, callback);}}).data( \"ui-autocomplete\" )._renderItem = function( ul, item ) {ul.addClass('field-input-autocomplete-list');return jQuery( \"<li>\" ).attr( \"data-value\", item.value ).append( \"<div>\" + item.label + \"</div>\" ).appendTo( ul );};function init(query, callback) {var response = [],inputs = jQuery(\"#<%= uniqueId %>\").parents(\".ui-accordion\").find(\".text-autocomplete\");inputs.each(function() {if (!_.contains(response, jQuery(this).val())) {response.push(jQuery(this).val());}});callback(response);};</script><input id=\"<%= uniqueId %>\" class=\"text-autocomplete\" type=\"text\" name=\"<%= name %>\" value=\"<%= value %>\" placeholder=\"<%= placeholder %>\"><span class=\"fa fa-search field-input-autocomplete__icon-search\"></span>","field-text-preview":"<% if (label){ %><label class=\"input-label field-label\"><%= label %></label><% } %><input class=\"input-text\" type=\"text\" name=\"<%= name %>\" value=\"<%= value %>\" placeholder=\"<%= placeholder %>\">","field-textarea-preview":"<% if (label){ %><label class=\"textarea-label field-label\"><%= label %></label><% } %><div class=\"textarea-container\"><div id=\"<%= textareaId %>\"><%= value %></div></div><script type=\"text/javascript\">var quill_<%= textareaId %> = new Quill('#<%= textareaId %>', {modules: {toolbar: [[{ 'header': [1, 2, 3, 4, 5, 6, false] }, {'align': []}, 'bold', 'italic', 'underline', 'strike', { 'color': [] }, { 'background': [] }, {'list': 'ordered'}, {'list': 'bullet'}, { 'indent': '-1'}, { 'indent': '+1' }, { 'script': 'sub'}, { 'script': 'super' }, 'link', 'image', 'video', 'blockquote', 'code-block', { 'direction': 'rtl' }]]},placeholder: '',theme: 'snow'});quill_<%= textareaId %>.on('text-change', function() {jQuery('#<%= textareaId %>').trigger('change', quill_<%= textareaId %>);});</script>","field-video-preview":"<label class=\"field-label\"><%= label %></label><div class=\"field-video-container <% if ((src === '' || src !== '' && !src.hasOwnProperty('url')) || (src.hasOwnProperty('url') && src.url === '')) { %> empty<% } else if (src.hasOwnProperty('preview') && src.preview === '') { %> empty-preview<% } %>\"><div class=\"field-video__preview\"><img class=\"field-video__preview-image show-media-center\" src=\"<%= src.preview %>\" /><% if (!hideDeleteButton || hideDeleteButton !== 1) { %><i class=\"field-video__remove-video fa fa-times\"></i><% } %></div><div class=\"field-video__novideo-preview show-media-center\"><i class=\"field-video__novideo-preview-icon fa fa-play-circle\"></i></div><div class=\"field-video__novideo show-media-center\"><i class=\"field-video__novideo-icon fa fa-plus\"></i></div><div class=\"field-drop-zone\"><span class=\"field-drop-zone-text\"><%= drop_here %></span></div><div class=\"field-upload-error\"><div class=\"field-upload-error__text field-upload-error__text_size\"><span class=\"field-upload-error__text-bold\"><%= error %></span> <%= error_text_size %></div><div class=\"field-upload-error__text field-upload-error__text_format\"><span class=\"field-upload-error__text-bold\"><%= error %></span> <%= error_text_format %></div></div></div><input type=\"hidden\" class=\"field-video__url-hidden\" name=\"<%= name %>\" value=\"<%= src.url %>\"><input type=\"hidden\" class=\"field-video__preview-hidden\" name=\"<%= name %>\" value=\"<%= src.preview %>\"><% if(videos) { %><div class=\"others\"><% for (var i = 0; i < videos.length; i++) { %><div class=\"others__item\"><% if (videos[i].preview !== '') { %><div class=\"others-item__image\" data-src-video=\"<%= videos[i].url %>\" data-src-preview=\"<%= videos[i].preview %>\" style=\"background-image: url('<%= videos[i].preview %>');\"></div><% } %></div><%}%></div><%}%><div class=\"media-center clearfix\"><button type=\"button\" class=\"show-media-center media-center__button\"><i class=\"media-center__button_image-icon fa fa-file-video-o\"></i><%= media_center %></button><div class=\"sktbuilder-dropdown media-center__button-more\"><button class=\"sktbuilder-dropdown-toggle\" type=\"button\"><div class=\"dot\"><span></span><span></span><span></span></div></button><ul class=\"sktbuilder-dropdown-content\"><% _.each( customItems, function( item ){ %><li><a href=\"#\" data-id=\"<%- item.id %>\" class=\"action\"><%- item.label %></a></li><% }); %></ul></div></div>","field-video-setting-preview":"<div class=\"backward-button\"><div class=\"backward-button__text\"><%= back %></div></div><div class=\"settings-block-items\"><div class=\"inner-settings-control\"><button class=\"inner-settings-control__button inner-settings-control__button-search\"></button><button class=\"inner-settings-control__button inner-settings-control__button-link inner-settings-control__button-disabled\"></button><button class=\"inner-settings-control__button inner-settings-control__button-reset\"></button><button class=\"inner-settings-control__button inner-settings-control__button-remove <% if (hideDeleteButton || hideDeleteButton === 1) { %>inner-settings-control__button-disabled<% } %>\"></button><div class=\"inner-settings-control__search\"><div class=\"field-input-autocomplete\"><input class=\"field-input-autocomplete__text video-search\" type=\"text\" value=\"\" placeholder=\"<%= search %>\"><button class=\"field-input-autocomplete__icon-search\"></button></div></div></div><div class=\"field-video-container-inner<% if ((src === '' || src !== '' && !src.hasOwnProperty('url')) || (src.hasOwnProperty('url') && src.url === '') || (src.hasOwnProperty('preview') && src.preview === '') ) { %> empty<% } %>\"><div class=\"field-video\"><div class=\"field-video__selected-video\"><img src=\"<%= src.preview %>\"></div></div></div><div class=\"filtered-videos\"><div class=\"search-result-tags\"><div class=\"search-result\"><div class=\"search-result__count search-result__count_half-width\"><span class=\"search-result__shell-text\"><span class=\"search-result__text\"><%= text_results %>:</span><span class=\"search-result__digit\"></span></span><span class=\"no-search-result__text\"><%= no_search_result %></span></div><div class=\"search-result__tags search-result__tags_half-width\"><span class=\"search-result__text search-result__text_ellipsis\"><%= tags %></span><span class=\"search-result__remove-text\"></span></div></div></div><div class=\"search-result-all\"><div class=\"search-result\"><div class=\"search-result__count\"><span class=\"search-result__text\"><%= text_all_videos %>:</span><span class=\"search-result__digit\"></span></div></div></div><div class=\"inview-videos\"><div class=\"settings-media-loader\"><svg class=\"settings-media-loader__circular\" viewBox=\"25 25 50 50\"><circle class=\"settings-media-loader__path\" cx=\"50\" cy=\"50\" r=\"12\" fill=\"none\" stroke-width=\"2\" stroke-miterlimit=\"10\"/></svg></div></div></div></div>","menu-blocks-preview":"<% if (device == \"tablet\" || device == \"mobile\") { %><div class=\"backward-button\"><div class=\"backward-button__text\"><%= group.label %></div></div><% } %><div class=\"preview-blocks\"><% for (var k = 0; k < items.length; k++) { %><div id=\"preview-block-<%= items[k].name %>\" class=\"preview-block\" data-lib=\"<%= items[k].lib %>\"><div class=\"shield\"></div><img src=\"<%= items[k].url + (items[k].blockPreviewUrl ? items[k].blockPreviewUrl : sktbuilder.options.blockPreviewUrl) %>\"></div><% } %></div>","menu-groups-preview":"<ul class=\"group-list\"><% if(groups_arr) { %><% for (var i = 0; i < groups_arr.length; i++) { %><% var group = groups_arr[i]; %><% var group_id = group.id.replace(/\\s+/g, ''); %><li class=\"group-list__item\" data-lib=\"<%= group.libs.join(' ') %>\"><a href=\"#groups-<%= group_id %>\" class=\"group-list__link\" data-group-id=\"<%= group_id %>\"><% if (group.label){ %><span><%= group.label %></span><% } else { %><span><%= group.id %></span><% } %></a></li><% } %><% } %></ul>","menu-save-template-preview":"<div class=\"backward-button\"><div class=\"backward-button__text\"><%= back %></div></div><div class=\"settings-blocks-full save-template-settings\"><div class=\"button-save-template create-template\"><span class=\"save\"><i class=\"fa fa-floppy-o save-icon\"></i><%= save_template %></span><span class=\"save-loading\"><i class=\"fa fa-floppy-o save-icon\"></i><%= save_loading %></span></div><div class=\"notice-block blue\"><%= save_notice_title %></div><div class=\"error-block error-block-empty-page\"><%= you_cant_save_empty_template %></div><div class=\"error-block error-block-empty-title\"><%= you_cant_save_empty_title %></div></div>","menu-settings-preview":"<div class=\"backward-button\"><div class=\"backward-button__text\"><%= back %></div></div><div class=\"settings-buttons\"><div class=\"settings-buttons__moveup control-buttons__moveup\"><i class=\"settings-buttons__icon-moveup fa fa-arrow-circle-o-up\"></i><span><%= moveUp %></span></div><div class=\"settings-buttons__movedown control-buttons__movedown\"><i class=\"settings-buttons__icon-movedown fa fa-arrow-circle-o-down\"></i><span><%= moveDown %></span></div><div class=\"settings-buttons__delete\" title=\"<%= titleButtonDelete %>\"><i class=\"fa fa-trash-o\"></i><span>Delete</span></div></div><div class=\"settings-blocks\"></div><div class=\"overlay-settings\"></div>"}